Word,Phonetic Translation
ubiquitous,juːˈbɪkwɪtəs
quintessential,ˌkwɪntɪˈsɛnʃəl
pristine,ˈprɪstiːn
resilient,rɪˈzɪliənt
serene,səˈriːn
exquisite,ɪkˈskwɪzɪt
ponder,ˈpɒndər
zeal,ziːl
enigma,ɪˈnɪɡmə
eclectic,ɪˈklɛktɪk
vivacious,vɪˈveɪʃəs
eloquent,ˈɛləkwənt
astute,əˈstjuːt
indispensable,ˌɪndɪˈspɛnsəbl̩
melancholy,ˈmɛlənkɒli
ingenious,ɪnˈdʒiːniəs
serendipity,ˌsɛrənˈdɪpɪti
profound,prəˈfaʊnd
elucidate,ɪˈluːsɪdeɪt
tenacious,tɪˈneɪʃəs
magnanimous,mæɡˈnænɪməs
resolute,ˈrɛzəluːt
enthralling,ɪnˈθrɔːlɪŋ
intricate,ˈɪntrɪkɪt
epoch,ˈiːpɒk
flourish,ˈflʌrɪʃ
sublime,səˈblaɪm
radiant,ˈreɪdiənt
resplendent,rɪˈsplɛndənt
jubilant,ˈdʒuːbɪlənt
alleviate,əˈliːvieɪt
luminous,ˈluːmɪnəs
composure,kəmˈpəʊʒər
novice,ˈnɒvɪs
harmonious,hɑːˈməʊniəs
ample,ˈæmpl̩
hilarity,hɪˈlærɪti
diligent,ˈdɪlɪdʒənt
serenity,səˈrɛnɪti
embolden,ɪmˈbəʊldən
plentiful,ˈplɛntɪfəl
evocative,ɪˈvɒkətɪv
perceptive,pəˈsɛptɪv
enrich,ɪnˈrɪtʃ
catalyst,ˈkætəlɪst
rapture,ˈræptʃər
serenade,ˌsɛrəˈneɪd
affable,ˈæfəbəl
intrepid,ɪnˈtrɛpɪd
enthrall,ɪnˈθrɔːl
